{"2024-11-29": {"python.exe ": {"python": 34.05945944786072}, "Skype.exe ": {"Skype": 1.9995157718658447}, "chrome.exe ": {"ChatGPT - Google Chrome": 4.994812250137329, "YouTube - Google Chrome": 14.244859218597412}, "Code.exe ": {"myRize.py - activityTracker - Visual Studio Code": 1.8100297451019287, "categories.json - activityTracker - Visual Studio Code": 5.001612901687622, "categorized_graph.py - activityTracker - Visual Studio Code": 29.020668506622314, "categorization.py - activityTracker - Visual Studio Code": 90.05436968803406}, "python.exe (python)": 18.97833776473999}}